<simulation>
	<log>console</log> <!-- Identify where simulation messages should be displayed.
						One of two values allowed: file || console.
						When file is specified, the messages are written to a file whose name
						matches the scenario file name but with a file extension of log.-->
	<scheduler>
		<name>RR</name> <!-- One of six values are allowed: FCFS || PRIORITY || RR || SJR || SRTF
							When no value is provided (i.e., the sixth "value"), the scheduling
							algorithm computes executes each simulated process for a random
							amount of time. -->
		<quantum>3</quantum><!-- used only for RR, specify an integer value indicating
							number of CPU clock cycles per process. --> 
	</scheduler>
	<process>
		<id>p1</id> <!-- Each id in a scenario file should be unique, any characters are valid. -->
		<arrival>0</arrival> <!-- The simulated time that the process arrives in the ready queue.
							This simulated process arrives in the ready queue before any
							process starts to execute. -->
		<instructions>
		<!-- Chocolate Chip Cookie Instruction. We love those -->
			<instruction>CCC05</instruction>
		</instructions>
	</process>

    <process>
		<id>p2</id> 
		<arrival>0</arrival> 
		<instructions>
		<!-- Chocolate Chip Cookie Instruction. We love those -->
			<instruction>CCC04</instruction> 
			<instruction>CCC01</instruction>
			<instruction>MEMA19</instruction> 
		</instructions>
	</process>

    <process>
		<id>p3</id> 
		<arrival>0</arrival> 
		<instructions>
		<!-- Chocolate Chip Cookie Instruction. We love those -->
			<instruction>CCC03</instruction> 
			<instruction>CCC01</instruction>
			<instruction>MEMA19</instruction> 
			<instruction>DEVR1</instruction> 
		</instructions>
	</process>

    <process>
		<id>p4</id> 
		<arrival>1</arrival> 
		<instructions>
		<!-- Chocolate Chip Cookie Instruction. We love those -->
			<instruction>CCC02</instruction> 
			<instruction>CCC01</instruction>
			<instruction>MEMA19</instruction>
			<instruction>DEVR1</instruction> 
		</instructions>
	</process>

    <process>
		<id>p5</id> 
		<arrival>2</arrival> 
		<instructions>
		<!-- Chocolate Chip Cookie Instruction. We love those -->
			<instruction>CCC01</instruction>
			<instruction>CCC01</instruction>
			<instruction>MEMA19</instruction> 
			<instruction>DEVR1</instruction> 
			<instruction>DEVW1</instruction> 
			<instruction>MEMF9</instruction> 
		</instructions>
	</process>    

    <process>

    </process>
</simulation>
			
			